INSERT INTO CATEGORIE (NUME, DESCRIERE) VALUES ('Laptop normal', 'Laptop standard pentru utilizare zilnică');
INSERT INTO CATEGORIE (NUME, DESCRIERE) VALUES ('Laptop 2-în-1', 'Laptop convertibil care poate fi folosit și ca tabletă');
INSERT INTO CATEGORIE (NUME, DESCRIERE) VALUES ('Laptop gaming', 'Laptop de înaltă performanță pentru jocuri');
INSERT INTO CATEGORIE (NUME, DESCRIERE) VALUES ('Desktop', 'Calculator tradițional de birou');
INSERT INTO CATEGORIE (NUME, DESCRIERE) VALUES ('All-in-One', 'Calculator de birou cu ecran integrat');
INSERT INTO CATEGORIE (NUME, DESCRIERE) VALUES ('Smartphone', 'Telefon mobil modern cu funcții avansate');
INSERT INTO CATEGORIE (NUME, DESCRIERE) VALUES ('Telefon clasic', 'Telefon mobil tradițional cu butoane fizice');

INSERT INTO MARCA (NUME, DESCRIERE) VALUES ('ASUS', 'Companie multinațională taiwaneză de computere și electronice');
INSERT INTO MARCA (NUME, DESCRIERE) VALUES ('HP', 'Companie americană multinațională de tehnologie informațională');
INSERT INTO MARCA (NUME, DESCRIERE) VALUES ('Lenovo', 'Companie multinațională chineză de tehnologie');
INSERT INTO MARCA (NUME, DESCRIERE) VALUES ('Apple', 'Companie americană multinațională de tehnologie');
INSERT INTO MARCA (NUME, DESCRIERE) VALUES ('Samsung', 'Conglomerat multinațional sud-coreean de producție');
INSERT INTO MARCA (NUME, DESCRIERE) VALUES ('Nokia', 'Companie finlandeză multinațională de telecomunicații');
INSERT INTO MARCA (NUME, DESCRIERE) VALUES ('Dell', 'Companie americană multinațională de tehnologie computerizată');
INSERT INTO MARCA (NUME, DESCRIERE) VALUES ('Acer', 'Corporație multinațională taiwaneză de hardware și electronice');

INSERT INTO DISPOZITIV (NUME, MARCA, CATEGORIE, DIMENSIUNE, PROCESOR, PLACA_VIDEO, CAPACITATE_RAM, CAPACITATE_STOCARE, SISTEM_OPERARE, CONECTIVITATE, PRET_MEDIU)
VALUES ('ROG Strix G15', 'ASUS', 'Laptop gaming', '15.6"', 'AMD Ryzen 9 5900HX', 'NVIDIA RTX 3070', 32, '1TB SSD', 'Windows 10', 'Wi-Fi 6, Bluetooth 5.1', 1999);
INSERT INTO DISPOZITIV (NUME, MARCA, CATEGORIE, DIMENSIUNE, PROCESOR, PLACA_VIDEO, CAPACITATE_RAM, CAPACITATE_STOCARE, SISTEM_OPERARE, CONECTIVITATE, PRET_MEDIU)
VALUES ('Omen 15', 'HP', 'Laptop gaming', '15.6"', 'Intel i7-10750H', 'NVIDIA RTX 2070', 16, '512GB SSD', 'Windows 10', 'Wi-Fi 6, Bluetooth 5.0', 1499);
INSERT INTO DISPOZITIV (NUME, MARCA, CATEGORIE, DIMENSIUNE, PROCESOR, PLACA_VIDEO, CAPACITATE_RAM, CAPACITATE_STOCARE, SISTEM_OPERARE, CONECTIVITATE, PRET_MEDIU)
VALUES ('Predator Helios 300', 'Acer', 'Laptop gaming', '15.6"', 'Intel i7-10750H', 'NVIDIA RTX 3060', 16, '512GB SSD', 'Windows 10', 'Wi-Fi 6, Bluetooth 5.0', 1299);
INSERT INTO DISPOZITIV (NUME, MARCA, CATEGORIE, DIMENSIUNE, PROCESOR, PLACA_VIDEO, CAPACITATE_RAM, CAPACITATE_STOCARE, SISTEM_OPERARE, CONECTIVITATE, PRET_MEDIU)
VALUES ('Legion 5', 'Lenovo', 'Laptop gaming', '15.6"', 'AMD Ryzen 7 4800H', 'NVIDIA RTX 2060', 16, '512GB SSD', 'Windows 10', 'Wi-Fi 6, Bluetooth 5.0', 1099);
INSERT INTO DISPOZITIV (NUME, MARCA, CATEGORIE, DIMENSIUNE, PROCESOR, PLACA_VIDEO, CAPACITATE_RAM, CAPACITATE_STOCARE, SISTEM_OPERARE, CONECTIVITATE, PRET_MEDIU)
VALUES ('TUF Gaming A15', 'ASUS', 'Laptop gaming', '15.6"', 'AMD Ryzen 7 4800H', 'NVIDIA GTX 1660 Ti', 16, '1TB SSD', 'Windows 10', 'Wi-Fi 6, Bluetooth 5.0', 999);

INSERT INTO DISPOZITIV (NUME, MARCA, CATEGORIE, DIMENSIUNE, PROCESOR, PLACA_VIDEO, CAPACITATE_RAM, CAPACITATE_STOCARE, SISTEM_OPERARE, CONECTIVITATE, PRET_MEDIU)
VALUES ('ZenBook 14', 'ASUS', 'Laptop normal', '14"', 'Intel i5-1135G7', 'Intel Iris Xe', 8, '512GB SSD', 'Windows 10', 'Wi-Fi 6, Bluetooth 5.0', 899);
INSERT INTO DISPOZITIV (NUME, MARCA, CATEGORIE, DIMENSIUNE, PROCESOR, PLACA_VIDEO, CAPACITATE_RAM, CAPACITATE_STOCARE, SISTEM_OPERARE, CONECTIVITATE, PRET_MEDIU)
VALUES ('ThinkPad X1 Carbon', 'Lenovo', 'Laptop normal', '14"', 'Intel i7-1165G7', 'Intel Iris Xe', 16, '1TB SSD', 'Windows 10', 'Wi-Fi 6, Bluetooth 5.1', 1399);
INSERT INTO DISPOZITIV (NUME, MARCA, CATEGORIE, DIMENSIUNE, PROCESOR, PLACA_VIDEO, CAPACITATE_RAM, CAPACITATE_STOCARE, SISTEM_OPERARE, CONECTIVITATE, PRET_MEDIU)
VALUES ('Swift 3', 'Acer', 'Laptop normal', '14"', 'AMD Ryzen 7 4700U', 'AMD Radeon Graphics', 8, '512GB SSD', 'Windows 10', 'Wi-Fi 6, Bluetooth 5.0', 679);
INSERT INTO DISPOZITIV (NUME, MARCA, CATEGORIE, DIMENSIUNE, PROCESOR, PLACA_VIDEO, CAPACITATE_RAM, CAPACITATE_STOCARE, SISTEM_OPERARE, CONECTIVITATE, PRET_MEDIU)
VALUES ('Envy 13', 'HP', 'Laptop normal', '13.3"', 'Intel i7-1165G7', 'Intel Iris Xe', 16, '512GB SSD', 'Windows 10', 'Wi-Fi 6, Bluetooth 5.0', 1099);
INSERT INTO DISPOZITIV (NUME, MARCA, CATEGORIE, DIMENSIUNE, PROCESOR, PLACA_VIDEO, CAPACITATE_RAM, CAPACITATE_STOCARE, SISTEM_OPERARE, CONECTIVITATE, PRET_MEDIU)
VALUES ('IdeaPad 5', 'Lenovo', 'Laptop normal', '15.6"', 'AMD Ryzen 5 4500U', 'AMD Radeon Graphics', 8, '256GB SSD', 'Windows 10', 'Wi-Fi 6, Bluetooth 5.0', 599);

INSERT INTO DISPOZITIV (NUME, MARCA, CATEGORIE, DIMENSIUNE, PROCESOR, PLACA_VIDEO, CAPACITATE_RAM, CAPACITATE_STOCARE, SISTEM_OPERARE, CONECTIVITATE, PRET_MEDIU)
VALUES ('Spectre x360', 'HP', 'Laptop 2-în-1', '13.3"', 'Intel i7-1165G7', 'Intel Iris Xe', 16, '512GB SSD', 'Windows 10', 'Wi-Fi 6, Bluetooth 5.0', 1299);
INSERT INTO DISPOZITIV (NUME, MARCA, CATEGORIE, DIMENSIUNE, PROCESOR, PLACA_VIDEO, CAPACITATE_RAM, CAPACITATE_STOCARE, SISTEM_OPERARE, CONECTIVITATE, PRET_MEDIU)
VALUES ('Yoga C940', 'Lenovo', 'Laptop 2-în-1', '14"', 'Intel i7-1065G7', 'Intel Iris Plus', 12, '512GB SSD', 'Windows 10', 'Wi-Fi 6, Bluetooth 5.0', 1199);
INSERT INTO DISPOZITIV (NUME, MARCA, CATEGORIE, DIMENSIUNE, PROCESOR, PLACA_VIDEO, CAPACITATE_RAM, CAPACITATE_STOCARE, SISTEM_OPERARE, CONECTIVITATE, PRET_MEDIU)
VALUES ('Spin 5', 'Acer', 'Laptop 2-în-1', '13.5"', 'Intel i7-1065G7', 'Intel Iris Plus', 16, '512GB SSD', 'Windows 10', 'Wi-Fi 6, Bluetooth 5.0', 1099);
INSERT INTO DISPOZITIV (NUME, MARCA, CATEGORIE, DIMENSIUNE, PROCESOR, PLACA_VIDEO, CAPACITATE_RAM, CAPACITATE_STOCARE, SISTEM_OPERARE, CONECTIVITATE, PRET_MEDIU)
VALUES ('ZenBook Flip 13', 'ASUS', 'Laptop 2-în-1', '13.3"', 'Intel i7-1165G7', 'Intel Iris Xe', 16, '512GB SSD', 'Windows 10', 'Wi-Fi 6, Bluetooth 5.0', 1199);
INSERT INTO DISPOZITIV (NUME, MARCA, CATEGORIE, DIMENSIUNE, PROCESOR, PLACA_VIDEO, CAPACITATE_RAM, CAPACITATE_STOCARE, SISTEM_OPERARE, CONECTIVITATE, PRET_MEDIU)
VALUES ('Pavilion x360', 'HP', 'Laptop 2-în-1', '14"', 'Intel i5-1135G7', 'Intel Iris Xe', 8, '256GB SSD', 'Windows 10', 'Wi-Fi 6, Bluetooth 5.0', 699);

INSERT INTO DISPOZITIV (NUME, MARCA, CATEGORIE, DIMENSIUNE, PROCESOR, PLACA_VIDEO, CAPACITATE_RAM, CAPACITATE_STOCARE, SISTEM_OPERARE, CONECTIVITATE, PRET_MEDIU)
VALUES ('iPhone 12 Pro', 'Apple', 'Smartphone', '6.1"', 'A14 Bionic', 'Apple GPU', 6, '256GB', 'iOS 14', '5G, Wi-Fi 6, Bluetooth 5.0', 999);
INSERT INTO DISPOZITIV (NUME, MARCA, CATEGORIE, DIMENSIUNE, PROCESOR, PLACA_VIDEO, CAPACITATE_RAM, CAPACITATE_STOCARE, SISTEM_OPERARE, CONECTIVITATE, PRET_MEDIU)
VALUES ('Galaxy S21 Ultra', 'Samsung', 'Smartphone', '6.8"', 'Exynos 2100', 'Mali-G78 MP14', 12, '256GB', 'Android 11', '5G, Wi-Fi 6E, Bluetooth 5.2', 1199);
INSERT INTO DISPOZITIV (NUME, MARCA, CATEGORIE, DIMENSIUNE, PROCESOR, PLACA_VIDEO, CAPACITATE_RAM, CAPACITATE_STOCARE, SISTEM_OPERARE, CONECTIVITATE, PRET_MEDIU)
VALUES ('iPhone SE (2020)', 'Apple', 'Smartphone', '4.7"', 'A13 Bionic', 'Apple GPU', 3, '64GB', 'iOS 13', '4G, Wi-Fi 6, Bluetooth 5.0', 399);
INSERT INTO DISPOZITIV (NUME, MARCA, CATEGORIE, DIMENSIUNE, PROCESOR, PLACA_VIDEO, CAPACITATE_RAM, CAPACITATE_STOCARE, SISTEM_OPERARE, CONECTIVITATE, PRET_MEDIU)
VALUES ('Galaxy A52', 'Samsung', 'Smartphone', '6.5"', 'Snapdragon 720G', 'Adreno 618', 6, '128GB', 'Android 11', '4G, Wi-Fi 5, Bluetooth 5.0', 399);
INSERT INTO DISPOZITIV (NUME, MARCA, CATEGORIE, DIMENSIUNE, PROCESOR, PLACA_VIDEO, CAPACITATE_RAM, CAPACITATE_STOCARE, SISTEM_OPERARE, CONECTIVITATE, PRET_MEDIU)
VALUES ('Galaxy Note 20 Ultra', 'Samsung', 'Smartphone', '6.9"', 'Exynos 990', 'Mali-G77 MP11', 12, '256GB', 'Android 10', '5G, Wi-Fi 6, Bluetooth 5.0', 1299);
INSERT INTO DISPOZITIV (NUME, MARCA, CATEGORIE, DIMENSIUNE, PROCESOR, PLACA_VIDEO, CAPACITATE_RAM, CAPACITATE_STOCARE, SISTEM_OPERARE, CONECTIVITATE, PRET_MEDIU)
VALUES ('iPhone 12 Mini', 'Apple', 'Smartphone', '5.4"', 'A14 Bionic', 'Apple GPU', 4, '128GB', 'iOS 14', '5G, Wi-Fi 6, Bluetooth 5.0', 699);
INSERT INTO DISPOZITIV (NUME, MARCA, CATEGORIE, DIMENSIUNE, PROCESOR, PLACA_VIDEO, CAPACITATE_RAM, CAPACITATE_STOCARE, SISTEM_OPERARE, CONECTIVITATE, PRET_MEDIU)
VALUES ('3310 3G', 'Nokia', 'Telefon clasic', '2.4"', 'Feature phone CPU', 'N/A', 1, '16MB', 'Feature OS', '3G, Bluetooth 2.1', 59);
INSERT INTO DISPOZITIV (NUME, MARCA, CATEGORIE, DIMENSIUNE, PROCESOR, PLACA_VIDEO, CAPACITATE_RAM, CAPACITATE_STOCARE, SISTEM_OPERARE, CONECTIVITATE, PRET_MEDIU)
VALUES ('2720 Flip', 'Nokia', 'Telefon clasic', '2.8"', 'Qualcomm 205', 'N/A', 1, '4GB', 'KaiOS', '4G, Wi-Fi, Bluetooth 4.2', 89);

INSERT INTO DISPOZITIV (NUME, MARCA, CATEGORIE, DIMENSIUNE, PROCESOR, PLACA_VIDEO, CAPACITATE_RAM, CAPACITATE_STOCARE, SISTEM_OPERARE, CONECTIVITATE, PRET_MEDIU)
VALUES ('Inspiron Desktop', 'Dell', 'Desktop', 'Mid-Tower', 'Intel i5-10400', 'Intel UHD 630', 8, '1.256 TB', 'Windows 10', 'Wi-Fi 5, Bluetooth 4.2', 599);
INSERT INTO DISPOZITIV (NUME, MARCA, CATEGORIE, DIMENSIUNE, PROCESOR, PLACA_VIDEO, CAPACITATE_RAM, CAPACITATE_STOCARE, SISTEM_OPERARE, CONECTIVITATE, PRET_MEDIU)
VALUES ('ROG Strix GA15', 'ASUS', 'Desktop', 'Mid-Tower', 'AMD Ryzen 7 3700X', 'NVIDIA RTX 2060', 16, '1.512 TB', 'Windows 10', 'Wi-Fi 6, Bluetooth 5.0', 1299);
INSERT INTO DISPOZITIV (NUME, MARCA, CATEGORIE, DIMENSIUNE, PROCESOR, PLACA_VIDEO, CAPACITATE_RAM, CAPACITATE_STOCARE, SISTEM_OPERARE, CONECTIVITATE, PRET_MEDIU)
VALUES ('Pavilion Desktop', 'HP', 'Desktop', 'Mini-Tower', 'Intel i7-10700', 'NVIDIA GTX 1660S', 16, '2.512 TB', 'Windows 10', 'Wi-Fi 5, Bluetooth 4.2', 999);
INSERT INTO DISPOZITIV (NUME, MARCA, CATEGORIE, DIMENSIUNE, PROCESOR, PLACA_VIDEO, CAPACITATE_RAM, CAPACITATE_STOCARE, SISTEM_OPERARE, CONECTIVITATE, PRET_MEDIU)
VALUES ('ThinkCentre M70s', 'Lenovo', 'Desktop', 'Small Form Factor', 'Intel i5-10500', 'Intel UHD 630', 8, '256GB SSD', 'Windows 10', 'Wi-Fi 6, Bluetooth 5.0', 699);
INSERT INTO DISPOZITIV (NUME, MARCA, CATEGORIE, DIMENSIUNE, PROCESOR, PLACA_VIDEO, CAPACITATE_RAM, CAPACITATE_STOCARE, SISTEM_OPERARE, CONECTIVITATE, PRET_MEDIU)
VALUES ('Aspire TC', 'Acer', 'Desktop', 'Mid-Tower', 'Intel i5-10400', 'Intel UHD 630', 12, '512GB SSD', 'Windows 10', 'Wi-Fi 5, Bluetooth 5.0', 599);

INSERT INTO DISPOZITIV (NUME, MARCA, CATEGORIE, DIMENSIUNE, PROCESOR, PLACA_VIDEO, CAPACITATE_RAM, CAPACITATE_STOCARE, SISTEM_OPERARE, CONECTIVITATE, PRET_MEDIU)
VALUES ('iMac 27"', 'Apple', 'All-in-One', '27"', 'Intel i5-10600', 'AMD Radeon Pro 5300', 8, '256GB SSD', 'macOS Big Sur', 'Wi-Fi 6, Bluetooth 5.0', 1799);
INSERT INTO DISPOZITIV (NUME, MARCA, CATEGORIE, DIMENSIUNE, PROCESOR, PLACA_VIDEO, CAPACITATE_RAM, CAPACITATE_STOCARE, SISTEM_OPERARE, CONECTIVITATE, PRET_MEDIU)
VALUES ('Inspiron 27 7000', 'Dell', 'All-in-One', '27"', 'Intel i7-1165G7', 'NVIDIA MX330', 16, '1.512 TB', 'Windows 10', 'Wi-Fi 6, Bluetooth 5.1', 1399);
INSERT INTO DISPOZITIV (NUME, MARCA, CATEGORIE, DIMENSIUNE, PROCESOR, PLACA_VIDEO, CAPACITATE_RAM, CAPACITATE_STOCARE, SISTEM_OPERARE, CONECTIVITATE, PRET_MEDIU)
VALUES ('Aspire C24', 'Acer', 'All-in-One', '23.8"', 'Intel i5-1035G1', 'Intel UHD', 8, '512GB SSD', 'Windows 10', 'Wi-Fi 5, Bluetooth 4.2', 799);
INSERT INTO DISPOZITIV (NUME, MARCA, CATEGORIE, DIMENSIUNE, PROCESOR, PLACA_VIDEO, CAPACITATE_RAM, CAPACITATE_STOCARE, SISTEM_OPERARE, CONECTIVITATE, PRET_MEDIU)
VALUES ('HP 27', 'HP', 'All-in-One', '27"', 'AMD Ryzen 7 4700U', 'AMD Radeon Graphics', 16, '512GB SSD', 'Windows 10', 'Wi-Fi 5, Bluetooth 5.0', 999);
INSERT INTO DISPOZITIV (NUME, MARCA, CATEGORIE, DIMENSIUNE, PROCESOR, PLACA_VIDEO, CAPACITATE_RAM, CAPACITATE_STOCARE, SISTEM_OPERARE, CONECTIVITATE, PRET_MEDIU)
VALUES ('IdeaCentre AIO 3', 'Lenovo', 'All-in-One', '24"', 'AMD Ryzen 5 4500U', 'AMD Radeon Graphics', 8, '256GB SSD', 'Windows 10', 'Wi-Fi 5, Bluetooth 5.0', 699);

INSERT INTO LAPTOP (ID_DISPOZITIV, TIP_DISPLAY, REZOLUTIE, CAMERA, BATERIE)
VALUES ((SELECT ID_DISPOZITIV FROM DISPOZITIV WHERE NUME = 'ROG Strix G15'), 'IPS', '1920x1080', '720p HD', 90);
INSERT INTO LAPTOP (ID_DISPOZITIV, TIP_DISPLAY, REZOLUTIE, CAMERA, BATERIE)
VALUES ((SELECT ID_DISPOZITIV FROM DISPOZITIV WHERE NUME = 'Omen 15'), 'IPS', '1920x1080', '720p HD', 70);
INSERT INTO LAPTOP (ID_DISPOZITIV, TIP_DISPLAY, REZOLUTIE, CAMERA, BATERIE)
VALUES ((SELECT ID_DISPOZITIV FROM DISPOZITIV WHERE NUME = 'Predator Helios 300'), 'IPS', '1920x1080', '720p HD', 58);
INSERT INTO LAPTOP (ID_DISPOZITIV, TIP_DISPLAY, REZOLUTIE, CAMERA, BATERIE)
VALUES ((SELECT ID_DISPOZITIV FROM DISPOZITIV WHERE NUME = 'Legion 5'), 'IPS', '1920x1080', '720p HD', 80);
INSERT INTO LAPTOP (ID_DISPOZITIV, TIP_DISPLAY, REZOLUTIE, CAMERA, BATERIE)
VALUES ((SELECT ID_DISPOZITIV FROM DISPOZITIV WHERE NUME = 'TUF Gaming A15'), 'IPS', '1920x1080', '720p HD', 90);
INSERT INTO LAPTOP (ID_DISPOZITIV, TIP_DISPLAY, REZOLUTIE, CAMERA, BATERIE)
VALUES ((SELECT ID_DISPOZITIV FROM DISPOZITIV WHERE NUME = 'ZenBook 14'), 'IPS', '1920x1080', '720p HD', 67);
INSERT INTO LAPTOP (ID_DISPOZITIV, TIP_DISPLAY, REZOLUTIE, CAMERA, BATERIE)
VALUES ((SELECT ID_DISPOZITIV FROM DISPOZITIV WHERE NUME = 'ThinkPad X1 Carbon'), 'IPS', '1920x1080', '720p HD', 57);
INSERT INTO LAPTOP (ID_DISPOZITIV, TIP_DISPLAY, REZOLUTIE, CAMERA, BATERIE)
VALUES ((SELECT ID_DISPOZITIV FROM DISPOZITIV WHERE NUME = 'Swift 3'), 'IPS', '1920x1080', '720p HD', 56);
INSERT INTO LAPTOP (ID_DISPOZITIV, TIP_DISPLAY, REZOLUTIE, CAMERA, BATERIE)
VALUES ((SELECT ID_DISPOZITIV FROM DISPOZITIV WHERE NUME = 'Envy 13'), 'IPS', '1920x1080', '720p HD', 51);
INSERT INTO LAPTOP (ID_DISPOZITIV, TIP_DISPLAY, REZOLUTIE, CAMERA, BATERIE)
VALUES ((SELECT ID_DISPOZITIV FROM DISPOZITIV WHERE NUME = 'IdeaPad 5'), 'IPS', '1920x1080', '720p HD', 57);
INSERT INTO LAPTOP (ID_DISPOZITIV, TIP_DISPLAY, REZOLUTIE, CAMERA, BATERIE)
VALUES ((SELECT ID_DISPOZITIV FROM DISPOZITIV WHERE NUME = 'Spectre x360'), 'OLED', '1920x1080', '720p HD', 60);
INSERT INTO LAPTOP (ID_DISPOZITIV, TIP_DISPLAY, REZOLUTIE, CAMERA, BATERIE)
VALUES ((SELECT ID_DISPOZITIV FROM DISPOZITIV WHERE NUME = 'Yoga C940'), 'IPS', '1920x1080', '720p HD', 60);
INSERT INTO LAPTOP (ID_DISPOZITIV, TIP_DISPLAY, REZOLUTIE, CAMERA, BATERIE)
VALUES ((SELECT ID_DISPOZITIV FROM DISPOZITIV WHERE NUME = 'Spin 5'), 'IPS', '2256x1504', '720p HD', 56);
INSERT INTO LAPTOP (ID_DISPOZITIV, TIP_DISPLAY, REZOLUTIE, CAMERA, BATERIE)
VALUES ((SELECT ID_DISPOZITIV FROM DISPOZITIV WHERE NUME = 'ZenBook Flip 13'), 'OLED', '1920x1080', '720p HD', 67);
INSERT INTO LAPTOP (ID_DISPOZITIV, TIP_DISPLAY, REZOLUTIE, CAMERA, BATERIE)
VALUES ((SELECT ID_DISPOZITIV FROM DISPOZITIV WHERE NUME = 'Pavilion x360'), 'IPS', '1920x1080', '720p HD', 41);

INSERT INTO TELEFON (ID_DISPOZITIV, TIP_DISPLAY, REZOLUTIE, CAMERA_SELFIE, CAMERE_SPATE, BATERIE)
VALUES ((SELECT ID_DISPOZITIV FROM DISPOZITIV WHERE NUME = 'iPhone 12 Pro'), 'Retina OLED', '2532x1170', '12MP TrueDepth', '12MP Wide, 12MP Ultra Wide, 12MP Telephoto', 2815);
INSERT INTO TELEFON (ID_DISPOZITIV, TIP_DISPLAY, REZOLUTIE, CAMERA_SELFIE, CAMERE_SPATE, BATERIE)
VALUES ((SELECT ID_DISPOZITIV FROM DISPOZITIV WHERE NUME = 'Galaxy S21 Ultra'), 'AMOLED 2X', '3200x1440', '40MP', '108MP Wide, 12MP Ultra Wide, 10MP Telephoto, 10MP Telephoto', 5000);
INSERT INTO TELEFON (ID_DISPOZITIV, TIP_DISPLAY, REZOLUTIE, CAMERA_SELFIE, CAMERE_SPATE, BATERIE)
VALUES ((SELECT ID_DISPOZITIV FROM DISPOZITIV WHERE NUME = 'iPhone SE (2020)'), 'Retina IPS LCD', '1334x750', '7MP', '12MP Wide', 1821);
INSERT INTO TELEFON (ID_DISPOZITIV, TIP_DISPLAY, REZOLUTIE, CAMERA_SELFIE, CAMERE_SPATE, BATERIE)
VALUES ((SELECT ID_DISPOZITIV FROM DISPOZITIV WHERE NUME = 'Galaxy A52'), 'Super AMOLED', '2400x1080', '32MP', '64MP Wide, 12MP Ultra Wide, 5MP Macro, 5MP Depth', 4500);
INSERT INTO TELEFON (ID_DISPOZITIV, TIP_DISPLAY, REZOLUTIE, CAMERA_SELFIE, CAMERE_SPATE, BATERIE)
VALUES ((SELECT ID_DISPOZITIV FROM DISPOZITIV WHERE NUME = 'Galaxy Note 20 Ultra'), 'AMOLED 2X', '3088x1440', '10MP', '108MP Wide, 12MP Ultra Wide, 12MP Telephoto', 4500);
INSERT INTO TELEFON (ID_DISPOZITIV, TIP_DISPLAY, REZOLUTIE, CAMERA_SELFIE, CAMERE_SPATE, BATERIE)
VALUES ((SELECT ID_DISPOZITIV FROM DISPOZITIV WHERE NUME = 'iPhone 12 Mini'), 'Retina OLED', '2340x1080', '12MP TrueDepth', '12MP Wide, 12MP Ultra Wide', 2227);
INSERT INTO TELEFON (ID_DISPOZITIV, TIP_DISPLAY, REZOLUTIE, CAMERA_SELFIE, CAMERE_SPATE, BATERIE)
VALUES ((SELECT ID_DISPOZITIV FROM DISPOZITIV WHERE NUME = '3310 3G'), 'TFT', '240x320', 'VGA', '2MP', 1200);
INSERT INTO TELEFON (ID_DISPOZITIV, TIP_DISPLAY, REZOLUTIE, CAMERA_SELFIE, CAMERE_SPATE, BATERIE)
VALUES ((SELECT ID_DISPOZITIV FROM DISPOZITIV WHERE NUME = '2720 Flip'), 'TFT', '240x320', '2MP', '2MP', 1500);

INSERT INTO CALCULATOR (ID_DISPOZITIV, TIP_CARCASA, NR_VENTILATOARE, CAPACITATE_SURSA)
VALUES ((SELECT ID_DISPOZITIV FROM DISPOZITIV WHERE NUME = 'Inspiron Desktop'), 'Mid-Tower', 2, 360);
INSERT INTO CALCULATOR (ID_DISPOZITIV, TIP_CARCASA, NR_VENTILATOARE, CAPACITATE_SURSA)
VALUES ((SELECT ID_DISPOZITIV FROM DISPOZITIV WHERE NUME = 'ROG Strix GA15'), 'Mid-Tower', 3, 500);
INSERT INTO CALCULATOR (ID_DISPOZITIV, TIP_CARCASA, NR_VENTILATOARE, CAPACITATE_SURSA)
VALUES ((SELECT ID_DISPOZITIV FROM DISPOZITIV WHERE NUME = 'Pavilion Desktop'), 'Mini-Tower', 2, 400);
INSERT INTO CALCULATOR (ID_DISPOZITIV, TIP_CARCASA, NR_VENTILATOARE, CAPACITATE_SURSA)
VALUES ((SELECT ID_DISPOZITIV FROM DISPOZITIV WHERE NUME = 'ThinkCentre M70s'), 'SFF', 1, 260);
INSERT INTO CALCULATOR (ID_DISPOZITIV, TIP_CARCASA, NR_VENTILATOARE, CAPACITATE_SURSA)
VALUES ((SELECT ID_DISPOZITIV FROM DISPOZITIV WHERE NUME = 'Aspire TC'), 'Mid-Tower', 2, 300);
INSERT INTO CALCULATOR (ID_DISPOZITIV, TIP_CARCASA, NR_VENTILATOARE, CAPACITATE_SURSA)
VALUES ((SELECT ID_DISPOZITIV FROM DISPOZITIV WHERE NUME = 'iMac 27"'), 'All-in-One', 1, 250);
INSERT INTO CALCULATOR (ID_DISPOZITIV, TIP_CARCASA, NR_VENTILATOARE, CAPACITATE_SURSA)
VALUES ((SELECT ID_DISPOZITIV FROM DISPOZITIV WHERE NUME = 'Inspiron 27 7000'), 'All-in-One', 1, 180);
INSERT INTO CALCULATOR (ID_DISPOZITIV, TIP_CARCASA, NR_VENTILATOARE, CAPACITATE_SURSA)
VALUES ((SELECT ID_DISPOZITIV FROM DISPOZITIV WHERE NUME = 'Aspire C24'), 'All-in-One', 1, 135);
INSERT INTO CALCULATOR (ID_DISPOZITIV, TIP_CARCASA, NR_VENTILATOARE, CAPACITATE_SURSA)
VALUES ((SELECT ID_DISPOZITIV FROM DISPOZITIV WHERE NUME = 'HP 27'), 'All-in-One', 1, 150);
INSERT INTO CALCULATOR (ID_DISPOZITIV, TIP_CARCASA, NR_VENTILATOARE, CAPACITATE_SURSA)
VALUES ((SELECT ID_DISPOZITIV FROM DISPOZITIV WHERE NUME = 'IdeaCentre AIO 3'), 'All-in-One', 1, 120);

INSERT INTO UTILIZATOR (ALIAS, PAROLA, DESCRIERE)
VALUES ('MariaP', 'Parola123!', 'Pasionată de tehnologie și gadgeturi noi');
INSERT INTO UTILIZATOR (ALIAS, PAROLA, DESCRIERE)
VALUES ('IonescuA', 'Securitate2023!', 'Specialist IT cu experiență în rețele');
INSERT INTO UTILIZATOR (ALIAS, PAROLA, DESCRIERE)
VALUES ('ElenaGamer', 'JocuriPC2023!', 'Gamer entuziast și reviewer de laptopuri gaming');
INSERT INTO UTILIZATOR (ALIAS, PAROLA, DESCRIERE)
VALUES ('AlexFoto', 'FotografieMobil1', 'Fotograf amator, interesat de camerele smartphone-urilor');
INSERT INTO UTILIZATOR (ALIAS, PAROLA, DESCRIERE)
VALUES ('CristinaProgramator', 'CodareSwift2023!', 'Dezvoltator de aplicații iOS');
INSERT INTO UTILIZATOR (ALIAS, PAROLA, DESCRIERE)
VALUES ('MihaiTech', 'ReviewTech2023!', 'Blogger tech și reviewer de gadgeturi');
INSERT INTO UTILIZATOR (ALIAS, PAROLA, DESCRIERE)
VALUES ('AnaStudent', 'LaptopBun2023!', 'Studentă în căutarea celui mai bun laptop pentru facultate');

INSERT INTO APRECIAZA (ID_DISPOZITIV, UTILIZATOR)
VALUES ((SELECT ID_DISPOZITIV FROM DISPOZITIV WHERE NUME = 'iPhone 12 Pro'), 'MariaP');
INSERT INTO APRECIAZA (ID_DISPOZITIV, UTILIZATOR)
VALUES ((SELECT ID_DISPOZITIV FROM DISPOZITIV WHERE NUME = 'ZenBook 14'), 'MariaP');
INSERT INTO APRECIAZA (ID_DISPOZITIV, UTILIZATOR)
VALUES ((SELECT ID_DISPOZITIV FROM DISPOZITIV WHERE NUME = 'Galaxy S21 Ultra'), 'MariaP');
INSERT INTO APRECIAZA (ID_DISPOZITIV, UTILIZATOR)
VALUES ((SELECT ID_DISPOZITIV FROM DISPOZITIV WHERE NUME = 'iMac 27"'), 'MariaP');

INSERT INTO APRECIAZA (ID_DISPOZITIV, UTILIZATOR)
VALUES ((SELECT ID_DISPOZITIV FROM DISPOZITIV WHERE NUME = 'ThinkPad X1 Carbon'), 'IonescuA');
INSERT INTO APRECIAZA (ID_DISPOZITIV, UTILIZATOR)
VALUES ((SELECT ID_DISPOZITIV FROM DISPOZITIV WHERE NUME = 'ROG Strix GA15'), 'IonescuA');
INSERT INTO APRECIAZA (ID_DISPOZITIV, UTILIZATOR)
VALUES ((SELECT ID_DISPOZITIV FROM DISPOZITIV WHERE NUME = 'Galaxy Note 20 Ultra'), 'IonescuA');
INSERT INTO APRECIAZA (ID_DISPOZITIV, UTILIZATOR)
VALUES ((SELECT ID_DISPOZITIV FROM DISPOZITIV WHERE NUME = 'ThinkCentre M70s'), 'IonescuA');

INSERT INTO APRECIAZA (ID_DISPOZITIV, UTILIZATOR)
VALUES ((SELECT ID_DISPOZITIV FROM DISPOZITIV WHERE NUME = 'ROG Strix G15'), 'ElenaGamer');
INSERT INTO APRECIAZA (ID_DISPOZITIV, UTILIZATOR)
VALUES ((SELECT ID_DISPOZITIV FROM DISPOZITIV WHERE NUME = 'Predator Helios 300'), 'ElenaGamer');
INSERT INTO APRECIAZA (ID_DISPOZITIV, UTILIZATOR)
VALUES ((SELECT ID_DISPOZITIV FROM DISPOZITIV WHERE NUME = 'Legion 5'), 'ElenaGamer');
INSERT INTO APRECIAZA (ID_DISPOZITIV, UTILIZATOR)
VALUES ((SELECT ID_DISPOZITIV FROM DISPOZITIV WHERE NUME = 'Omen 15'), 'ElenaGamer');

INSERT INTO APRECIAZA (ID_DISPOZITIV, UTILIZATOR)
VALUES ((SELECT ID_DISPOZITIV FROM DISPOZITIV WHERE NUME = 'iPhone 12 Pro'), 'AlexFoto');
INSERT INTO APRECIAZA (ID_DISPOZITIV, UTILIZATOR)
VALUES ((SELECT ID_DISPOZITIV FROM DISPOZITIV WHERE NUME = 'Galaxy S21 Ultra'), 'AlexFoto');
INSERT INTO APRECIAZA (ID_DISPOZITIV, UTILIZATOR)
VALUES ((SELECT ID_DISPOZITIV FROM DISPOZITIV WHERE NUME = 'ZenBook Flip 13'), 'AlexFoto');
INSERT INTO APRECIAZA (ID_DISPOZITIV, UTILIZATOR)
VALUES ((SELECT ID_DISPOZITIV FROM DISPOZITIV WHERE NUME = 'iMac 27"'), 'AlexFoto');

INSERT INTO APRECIAZA (ID_DISPOZITIV, UTILIZATOR)
VALUES ((SELECT ID_DISPOZITIV FROM DISPOZITIV WHERE NUME = 'iPhone 12 Pro'), 'CristinaProgramator');
INSERT INTO APRECIAZA (ID_DISPOZITIV, UTILIZATOR)
VALUES ((SELECT ID_DISPOZITIV FROM DISPOZITIV WHERE NUME = 'ZenBook 14'), 'CristinaProgramator');
INSERT INTO APRECIAZA (ID_DISPOZITIV, UTILIZATOR)
VALUES ((SELECT ID_DISPOZITIV FROM DISPOZITIV WHERE NUME = 'iMac 27"'), 'CristinaProgramator');
INSERT INTO APRECIAZA (ID_DISPOZITIV, UTILIZATOR)
VALUES ((SELECT ID_DISPOZITIV FROM DISPOZITIV WHERE NUME = 'Spectre x360'), 'CristinaProgramator');

INSERT INTO APRECIAZA (ID_DISPOZITIV, UTILIZATOR)
VALUES ((SELECT ID_DISPOZITIV FROM DISPOZITIV WHERE NUME = 'Galaxy S21 Ultra'), 'MihaiTech');
INSERT INTO APRECIAZA (ID_DISPOZITIV, UTILIZATOR)
VALUES ((SELECT ID_DISPOZITIV FROM DISPOZITIV WHERE NUME = 'ROG Strix G15'), 'MihaiTech');
INSERT INTO APRECIAZA (ID_DISPOZITIV, UTILIZATOR)
VALUES ((SELECT ID_DISPOZITIV FROM DISPOZITIV WHERE NUME = 'ThinkPad X1 Carbon'), 'MihaiTech');
INSERT INTO APRECIAZA (ID_DISPOZITIV, UTILIZATOR)
VALUES ((SELECT ID_DISPOZITIV FROM DISPOZITIV WHERE NUME = 'Inspiron 27 7000'), 'MihaiTech');

INSERT INTO APRECIAZA (ID_DISPOZITIV, UTILIZATOR)
VALUES ((SELECT ID_DISPOZITIV FROM DISPOZITIV WHERE NUME = 'ZenBook 14'), 'AnaStudent');
INSERT INTO APRECIAZA (ID_DISPOZITIV, UTILIZATOR)
VALUES ((SELECT ID_DISPOZITIV FROM DISPOZITIV WHERE NUME = 'Swift 3'), 'AnaStudent');
INSERT INTO APRECIAZA (ID_DISPOZITIV, UTILIZATOR)
VALUES ((SELECT ID_DISPOZITIV FROM DISPOZITIV WHERE NUME = 'IdeaPad 5'), 'AnaStudent');
INSERT INTO APRECIAZA (ID_DISPOZITIV, UTILIZATOR)
VALUES ((SELECT ID_DISPOZITIV FROM DISPOZITIV WHERE NUME = 'Galaxy A52'), 'AnaStudent');

INSERT INTO TOP (CATEGORIE, NUME, DESCRIERE)
VALUES ('Smartphone', 'Top 5 Smartphone-uri', 'Cele mai performante și populare smartphone-uri disponibile');
INSERT INTO CLASEAZA (ID_TOP, ID_DISPOZITIV, LOC)
VALUES (seq_top.CURRVAL, (SELECT ID_DISPOZITIV FROM DISPOZITIV WHERE NUME = 'Galaxy S21 Ultra'), 1);
INSERT INTO CLASEAZA (ID_TOP, ID_DISPOZITIV, LOC)
VALUES (seq_top.CURRVAL, (SELECT ID_DISPOZITIV FROM DISPOZITIV WHERE NUME = 'iPhone 12 Pro'), 2);
INSERT INTO CLASEAZA (ID_TOP, ID_DISPOZITIV, LOC)
VALUES (seq_top.CURRVAL, (SELECT ID_DISPOZITIV FROM DISPOZITIV WHERE NUME = 'Galaxy Note 20 Ultra'), 3);
INSERT INTO CLASEAZA (ID_TOP, ID_DISPOZITIV, LOC)
VALUES (seq_top.CURRVAL, (SELECT ID_DISPOZITIV FROM DISPOZITIV WHERE NUME = 'iPhone 12 Mini'), 4);
INSERT INTO CLASEAZA (ID_TOP, ID_DISPOZITIV, LOC)
VALUES (seq_top.CURRVAL, (SELECT ID_DISPOZITIV FROM DISPOZITIV WHERE NUME = 'Galaxy A52'), 5);

INSERT INTO TOP (CATEGORIE, NUME, DESCRIERE)
VALUES ('Laptop normal', 'Top 3 Laptopuri Raport Calitate-Preț', 'Laptopuri care oferă cea mai bună valoare pentru banii investiți');
INSERT INTO CLASEAZA (ID_TOP, ID_DISPOZITIV, LOC)
VALUES (seq_top.CURRVAL, (SELECT ID_DISPOZITIV FROM DISPOZITIV WHERE NUME = 'Swift 3'), 1);
INSERT INTO CLASEAZA (ID_TOP, ID_DISPOZITIV, LOC)
VALUES (seq_top.CURRVAL, (SELECT ID_DISPOZITIV FROM DISPOZITIV WHERE NUME = 'IdeaPad 5'), 2);
INSERT INTO CLASEAZA (ID_TOP, ID_DISPOZITIV, LOC)
VALUES (seq_top.CURRVAL, (SELECT ID_DISPOZITIV FROM DISPOZITIV WHERE NUME = 'ZenBook 14'), 3);

INSERT INTO TOP (CATEGORIE, NUME, DESCRIERE)
VALUES ('Desktop', 'Top 3 Desktop-uri Raport Calitate-Preț', 'Calculatoare de birou care oferă performanță excelentă la un preț accesibil');
INSERT INTO CLASEAZA (ID_TOP, ID_DISPOZITIV, LOC)
VALUES (seq_top.CURRVAL, (SELECT ID_DISPOZITIV FROM DISPOZITIV WHERE NUME = 'Aspire TC'), 1);
INSERT INTO CLASEAZA (ID_TOP, ID_DISPOZITIV, LOC)
VALUES (seq_top.CURRVAL, (SELECT ID_DISPOZITIV FROM DISPOZITIV WHERE NUME = 'Inspiron Desktop'), 2);
INSERT INTO CLASEAZA (ID_TOP, ID_DISPOZITIV, LOC)
VALUES (seq_top.CURRVAL, (SELECT ID_DISPOZITIV FROM DISPOZITIV WHERE NUME = 'Pavilion Desktop'), 3);

INSERT INTO TOP (CATEGORIE, NUME, DESCRIERE)
VALUES ('Laptop gaming', 'Top 3 Laptopuri Gaming', 'Laptopuri de top pentru cea mai bună experiență de gaming');
INSERT INTO CLASEAZA (ID_TOP, ID_DISPOZITIV, LOC)
VALUES (seq_top.CURRVAL, (SELECT ID_DISPOZITIV FROM DISPOZITIV WHERE NUME = 'ROG Strix G15'), 1);
INSERT INTO CLASEAZA (ID_TOP, ID_DISPOZITIV, LOC)
VALUES (seq_top.CURRVAL, (SELECT ID_DISPOZITIV FROM DISPOZITIV WHERE NUME = 'Predator Helios 300'), 2);
INSERT INTO CLASEAZA (ID_TOP, ID_DISPOZITIV, LOC)
VALUES (seq_top.CURRVAL, (SELECT ID_DISPOZITIV FROM DISPOZITIV WHERE NUME = 'Legion 5'), 3);

INSERT INTO TOP (CATEGORIE, NUME, DESCRIERE)
VALUES ('Laptop 2-în-1', 'Top 3 Laptopuri 2-în-1', 'Cele mai versatile laptopuri convertibile pentru productivitate și divertisment');
INSERT INTO CLASEAZA (ID_TOP, ID_DISPOZITIV, LOC)
VALUES (seq_top.CURRVAL, (SELECT ID_DISPOZITIV FROM DISPOZITIV WHERE NUME = 'Spectre x360'), 1);
INSERT INTO CLASEAZA (ID_TOP, ID_DISPOZITIV, LOC)
VALUES (seq_top.CURRVAL, (SELECT ID_DISPOZITIV FROM DISPOZITIV WHERE NUME = 'Yoga C940'), 2);
INSERT INTO CLASEAZA (ID_TOP, ID_DISPOZITIV, LOC)
VALUES (seq_top.CURRVAL, (SELECT ID_DISPOZITIV FROM DISPOZITIV WHERE NUME = 'ZenBook Flip 13'), 3);

INSERT INTO TOP (CATEGORIE, NUME, DESCRIERE)
VALUES ('All-in-One', 'Top 3 All-in-One PC-uri', 'Cele mai elegante și funcționale calculatoare all-in-one pentru birou și acasă');
INSERT INTO CLASEAZA (ID_TOP, ID_DISPOZITIV, LOC)
VALUES (seq_top.CURRVAL, (SELECT ID_DISPOZITIV FROM DISPOZITIV WHERE NUME = 'iMac 27"'), 1);
INSERT INTO CLASEAZA (ID_TOP, ID_DISPOZITIV, LOC)
VALUES (seq_top.CURRVAL, (SELECT ID_DISPOZITIV FROM DISPOZITIV WHERE NUME = 'Inspiron 27 7000'), 2);
INSERT INTO CLASEAZA (ID_TOP, ID_DISPOZITIV, LOC)
VALUES (seq_top.CURRVAL, (SELECT ID_DISPOZITIV FROM DISPOZITIV WHERE NUME = 'HP 27'), 3);

INSERT INTO CRITERIU (ID_CRITERIU, DESCRIERE) VALUES (seq_criteriu.NEXTVAL, 'Design si build quality');
INSERT INTO CRITERIU (ID_CRITERIU, DESCRIERE) VALUES (seq_criteriu.NEXTVAL, 'Performanta CPU');
INSERT INTO CRITERIU (ID_CRITERIU, DESCRIERE) VALUES (seq_criteriu.NEXTVAL, 'Performanta GPU');
INSERT INTO CRITERIU (ID_CRITERIU, DESCRIERE) VALUES (seq_criteriu.NEXTVAL, 'Baterie');
INSERT INTO CRITERIU (ID_CRITERIU, DESCRIERE) VALUES (seq_criteriu.NEXTVAL, 'Ecran');
INSERT INTO CRITERIU (ID_CRITERIU, DESCRIERE) VALUES (seq_criteriu.NEXTVAL, 'Camera foto');
INSERT INTO CRITERIU (ID_CRITERIU, DESCRIERE) VALUES (seq_criteriu.NEXTVAL, 'Conectivitate');
INSERT INTO CRITERIU (ID_CRITERIU, DESCRIERE) VALUES (seq_criteriu.NEXTVAL, 'Portabilitate');
INSERT INTO CRITERIU (ID_CRITERIU, DESCRIERE) VALUES (seq_criteriu.NEXTVAL, 'Sistem de răcire');
INSERT INTO CRITERIU (ID_CRITERIU, DESCRIERE) VALUES (seq_criteriu.NEXTVAL, 'Software');

INSERT INTO RECENZIE (ID_RECENZIE, ID_DISPOZITIV, NOTA)
VALUES (seq_recenzie.NEXTVAL, (SELECT ID_DISPOZITIV FROM DISPOZITIV WHERE NUME = 'ZenBook 14'), 8.5);
INSERT INTO PUNCTEAZA (ID_CRITERIU, ID_RECENZIE, NOTA, ARGUMENTE)
VALUES ((SELECT ID_CRITERIU FROM CRITERIU WHERE DESCRIERE = 'Design si build quality'), seq_recenzie.CURRVAL, 9, 'Design elegant și construcție solidă');
INSERT INTO PUNCTEAZA (ID_CRITERIU, ID_RECENZIE, NOTA, ARGUMENTE)
VALUES ((SELECT ID_CRITERIU FROM CRITERIU WHERE DESCRIERE = 'Performanta CPU'), seq_recenzie.CURRVAL, 8, 'Procesor Intel i5 eficient pentru sarcini obișnuite');
INSERT INTO PUNCTEAZA (ID_CRITERIU, ID_RECENZIE, NOTA, ARGUMENTE)
VALUES ((SELECT ID_CRITERIU FROM CRITERIU WHERE DESCRIERE = 'Performanta GPU'), seq_recenzie.CURRVAL, 7, 'Grafică integrată Intel Iris Xe adecvată pentru uz general');
INSERT INTO PUNCTEAZA (ID_CRITERIU, ID_RECENZIE, NOTA, ARGUMENTE)
VALUES ((SELECT ID_CRITERIU FROM CRITERIU WHERE DESCRIERE = 'Baterie'), seq_recenzie.CURRVAL, 9, 'Autonomie excelentă de peste 10 ore');
INSERT INTO PUNCTEAZA (ID_CRITERIU, ID_RECENZIE, NOTA, ARGUMENTE)
VALUES ((SELECT ID_CRITERIU FROM CRITERIU WHERE DESCRIERE = 'Ecran'), seq_recenzie.CURRVAL, 8.5, 'Ecran IPS de înaltă calitate cu culori vibrante');
INSERT INTO PUNCTEAZA (ID_CRITERIU, ID_RECENZIE, NOTA, ARGUMENTE)
VALUES ((SELECT ID_CRITERIU FROM CRITERIU WHERE DESCRIERE = 'Conectivitate'), seq_recenzie.CURRVAL, 9, 'Wi-Fi 6 și Bluetooth 5.0 oferă conectivitate excelentă');
INSERT INTO PUNCTEAZA (ID_CRITERIU, ID_RECENZIE, NOTA, ARGUMENTE)
VALUES ((SELECT ID_CRITERIU FROM CRITERIU WHERE DESCRIERE = 'Portabilitate'), seq_recenzie.CURRVAL, 9.5, 'Extrem de ușor și subțire, perfect pentru mobilitate');
INSERT INTO PUNCTEAZA (ID_CRITERIU, ID_RECENZIE, NOTA, ARGUMENTE)
VALUES ((SELECT ID_CRITERIU FROM CRITERIU WHERE DESCRIERE = 'Sistem de răcire'), seq_recenzie.CURRVAL, 8, 'Sistem de răcire eficient, menține temperatura scăzută');

INSERT INTO RECENZIE (ID_RECENZIE, ID_DISPOZITIV, NOTA)
VALUES (seq_recenzie.NEXTVAL, (SELECT ID_DISPOZITIV FROM DISPOZITIV WHERE NUME = 'ThinkPad X1 Carbon'), 9);
INSERT INTO PUNCTEAZA (ID_CRITERIU, ID_RECENZIE, NOTA, ARGUMENTE)
VALUES ((SELECT ID_CRITERIU FROM CRITERIU WHERE DESCRIERE = 'Design si build quality'), seq_recenzie.CURRVAL, 9.5, 'Construcție premium, durabilă și elegantă');
INSERT INTO PUNCTEAZA (ID_CRITERIU, ID_RECENZIE, NOTA, ARGUMENTE)
VALUES ((SELECT ID_CRITERIU FROM CRITERIU WHERE DESCRIERE = 'Performanta CPU'), seq_recenzie.CURRVAL, 9, 'Procesor Intel i7 de ultimă generație, foarte puternic');
INSERT INTO PUNCTEAZA (ID_CRITERIU, ID_RECENZIE, NOTA, ARGUMENTE)
VALUES ((SELECT ID_CRITERIU FROM CRITERIU WHERE DESCRIERE = 'Performanta GPU'), seq_recenzie.CURRVAL, 8, 'Grafică integrată Intel Iris Xe, bună pentru majoritatea sarcinilor');
INSERT INTO PUNCTEAZA (ID_CRITERIU, ID_RECENZIE, NOTA, ARGUMENTE)
VALUES ((SELECT ID_CRITERIU FROM CRITERIU WHERE DESCRIERE = 'Baterie'), seq_recenzie.CURRVAL, 9, 'Autonomie excelentă, peste 15 ore de utilizare');
INSERT INTO PUNCTEAZA (ID_CRITERIU, ID_RECENZIE, NOTA, ARGUMENTE)
VALUES ((SELECT ID_CRITERIU FROM CRITERIU WHERE DESCRIERE = 'Ecran'), seq_recenzie.CURRVAL, 9, 'Ecran de înaltă calitate cu culori precise');
INSERT INTO PUNCTEAZA (ID_CRITERIU, ID_RECENZIE, NOTA, ARGUMENTE)
VALUES ((SELECT ID_CRITERIU FROM CRITERIU WHERE DESCRIERE = 'Conectivitate'), seq_recenzie.CURRVAL, 9.5, 'Wi-Fi 6, Bluetooth 5.1, și multe porturi');
INSERT INTO PUNCTEAZA (ID_CRITERIU, ID_RECENZIE, NOTA, ARGUMENTE)
VALUES ((SELECT ID_CRITERIU FROM CRITERIU WHERE DESCRIERE = 'Portabilitate'), seq_recenzie.CURRVAL, 9.5, 'Extrem de ușor și subțire, perfect pentru profesioniști mobili');
INSERT INTO PUNCTEAZA (ID_CRITERIU, ID_RECENZIE, NOTA, ARGUMENTE)
VALUES ((SELECT ID_CRITERIU FROM CRITERIU WHERE DESCRIERE = 'Sistem de răcire'), seq_recenzie.CURRVAL, 8.5, 'Sistem de răcire eficient, rămâne rece chiar și sub sarcină');

INSERT INTO RECENZIE (ID_RECENZIE, ID_DISPOZITIV, NOTA)
VALUES (seq_recenzie.NEXTVAL, (SELECT ID_DISPOZITIV FROM DISPOZITIV WHERE NUME = 'ROG Strix G15'), 9);
INSERT INTO PUNCTEAZA (ID_CRITERIU, ID_RECENZIE, NOTA, ARGUMENTE)
VALUES ((SELECT ID_CRITERIU FROM CRITERIU WHERE DESCRIERE = 'Design si build quality'), seq_recenzie.CURRVAL, 9, 'Design agresiv și construcție robustă');
INSERT INTO PUNCTEAZA (ID_CRITERIU, ID_RECENZIE, NOTA, ARGUMENTE)
VALUES ((SELECT ID_CRITERIU FROM CRITERIU WHERE DESCRIERE = 'Performanta CPU'), seq_recenzie.CURRVAL, 9.5, 'Procesor AMD Ryzen 9 5900HX extrem de puternic');
INSERT INTO PUNCTEAZA (ID_CRITERIU, ID_RECENZIE, NOTA, ARGUMENTE)
VALUES ((SELECT ID_CRITERIU FROM CRITERIU WHERE DESCRIERE = 'Performanta GPU'), seq_recenzie.CURRVAL, 9.5, 'NVIDIA RTX 3070 oferă performanțe excelente în jocuri');
INSERT INTO PUNCTEAZA (ID_CRITERIU, ID_RECENZIE, NOTA, ARGUMENTE)
VALUES ((SELECT ID_CRITERIU FROM CRITERIU WHERE DESCRIERE = 'Baterie'), seq_recenzie.CURRVAL, 8, 'Durată de viață a bateriei decentă pentru un laptop de gaming');
INSERT INTO PUNCTEAZA (ID_CRITERIU, ID_RECENZIE, NOTA, ARGUMENTE)
VALUES ((SELECT ID_CRITERIU FROM CRITERIU WHERE DESCRIERE = 'Ecran'), seq_recenzie.CURRVAL, 9, 'Ecran IPS de 15.6" cu rată de reîmprospătare ridicată');
INSERT INTO PUNCTEAZA (ID_CRITERIU, ID_RECENZIE, NOTA, ARGUMENTE)
VALUES ((SELECT ID_CRITERIU FROM CRITERIU WHERE DESCRIERE = 'Conectivitate'), seq_recenzie.CURRVAL, 9, 'Wi-Fi 6 și Bluetooth 5.1 pentru conectivitate rapidă');
INSERT INTO PUNCTEAZA (ID_CRITERIU, ID_RECENZIE, NOTA, ARGUMENTE)
VALUES ((SELECT ID_CRITERIU FROM CRITERIU WHERE DESCRIERE = 'Portabilitate'), seq_recenzie.CURRVAL, 7.5, 'Greutate medie pentru un laptop de gaming');
INSERT INTO PUNCTEAZA (ID_CRITERIU, ID_RECENZIE, NOTA, ARGUMENTE)
VALUES ((SELECT ID_CRITERIU FROM CRITERIU WHERE DESCRIERE = 'Sistem de răcire'), seq_recenzie.CURRVAL, 9.5, 'Sistem de răcire avansat, menține temperaturile scăzute');

INSERT INTO RECENZIE (ID_RECENZIE, ID_DISPOZITIV, NOTA)
VALUES (seq_recenzie.NEXTVAL, (SELECT ID_DISPOZITIV FROM DISPOZITIV WHERE NUME = 'Predator Helios 300'), 8.5);
INSERT INTO PUNCTEAZA (ID_CRITERIU, ID_RECENZIE, NOTA, ARGUMENTE)
VALUES ((SELECT ID_CRITERIU FROM CRITERIU WHERE DESCRIERE = 'Design si build quality'), seq_recenzie.CURRVAL, 8.5, 'Design atractiv și construcție solidă');
INSERT INTO PUNCTEAZA (ID_CRITERIU, ID_RECENZIE, NOTA, ARGUMENTE)
VALUES ((SELECT ID_CRITERIU FROM CRITERIU WHERE DESCRIERE = 'Performanta CPU'), seq_recenzie.CURRVAL, 8.5, 'Procesor Intel i7-10750H puternic pentru gaming și multitasking');
INSERT INTO PUNCTEAZA (ID_CRITERIU, ID_RECENZIE, NOTA, ARGUMENTE)
VALUES ((SELECT ID_CRITERIU FROM CRITERIU WHERE DESCRIERE = 'Performanta GPU'), seq_recenzie.CURRVAL, 9, 'NVIDIA RTX 3060 oferă performanțe excelente în jocuri moderne');
INSERT INTO PUNCTEAZA (ID_CRITERIU, ID_RECENZIE, NOTA, ARGUMENTE)
VALUES ((SELECT ID_CRITERIU FROM CRITERIU WHERE DESCRIERE = 'Baterie'), seq_recenzie.CURRVAL, 7.5, 'Autonomie medie, tipică pentru laptopurile de gaming');
INSERT INTO PUNCTEAZA (ID_CRITERIU, ID_RECENZIE, NOTA, ARGUMENTE)
VALUES ((SELECT ID_CRITERIU FROM CRITERIU WHERE DESCRIERE = 'Ecran'), seq_recenzie.CURRVAL, 8.5, 'Ecran IPS de 15.6" cu rată de reîmprospătare de 144Hz');
INSERT INTO PUNCTEAZA (ID_CRITERIU, ID_RECENZIE, NOTA, ARGUMENTE)
VALUES ((SELECT ID_CRITERIU FROM CRITERIU WHERE DESCRIERE = 'Conectivitate'), seq_recenzie.CURRVAL, 8.5, 'Wi-Fi 6 și Bluetooth 5.0 pentru conectivitate rapidă');
INSERT INTO PUNCTEAZA (ID_CRITERIU, ID_RECENZIE, NOTA, ARGUMENTE)
VALUES ((SELECT ID_CRITERIU FROM CRITERIU WHERE DESCRIERE = 'Portabilitate'), seq_recenzie.CURRVAL, 7.5, 'Greutate medie pentru un laptop de gaming');
INSERT INTO PUNCTEAZA (ID_CRITERIU, ID_RECENZIE, NOTA, ARGUMENTE)
VALUES ((SELECT ID_CRITERIU FROM CRITERIU WHERE DESCRIERE = 'Sistem de răcire'), seq_recenzie.CURRVAL, 9, 'Sistem de răcire eficient cu tehnologie AeroBlade 3D');

INSERT INTO RECENZIE (ID_RECENZIE, ID_DISPOZITIV, NOTA)
VALUES (seq_recenzie.NEXTVAL, (SELECT ID_DISPOZITIV FROM DISPOZITIV WHERE NUME = 'Spectre x360'), 9.2);
INSERT INTO PUNCTEAZA (ID_CRITERIU, ID_RECENZIE, NOTA, ARGUMENTE)
VALUES ((SELECT ID_CRITERIU FROM CRITERIU WHERE DESCRIERE = 'Design si build quality'), seq_recenzie.CURRVAL, 9.5, 'Design premium și construcție de înaltă calitate');
INSERT INTO PUNCTEAZA (ID_CRITERIU, ID_RECENZIE, NOTA, ARGUMENTE)
VALUES ((SELECT ID_CRITERIU FROM CRITERIU WHERE DESCRIERE = 'Performanta CPU'), seq_recenzie.CURRVAL, 9, 'Procesor Intel i7-1165G7 oferă performanțe excelente');
INSERT INTO PUNCTEAZA (ID_CRITERIU, ID_RECENZIE, NOTA, ARGUMENTE)
VALUES ((SELECT ID_CRITERIU FROM CRITERIU WHERE DESCRIERE = 'Performanta GPU'), seq_recenzie.CURRVAL, 8.5, 'Grafică integrată Intel Iris Xe, bună pentru sarcini medii');
INSERT INTO PUNCTEAZA (ID_CRITERIU, ID_RECENZIE, NOTA, ARGUMENTE)
VALUES ((SELECT ID_CRITERIU FROM CRITERIU WHERE DESCRIERE = 'Baterie'), seq_recenzie.CURRVAL, 9.5, 'Autonomie excelentă, peste 12 ore de utilizare');
INSERT INTO PUNCTEAZA (ID_CRITERIU, ID_RECENZIE, NOTA, ARGUMENTE)
VALUES ((SELECT ID_CRITERIU FROM CRITERIU WHERE DESCRIERE = 'Ecran'), seq_recenzie.CURRVAL, 9.5, 'Ecran OLED de 13.3" cu culori vibrante și contrast excelent');
INSERT INTO PUNCTEAZA (ID_CRITERIU, ID_RECENZIE, NOTA, ARGUMENTE)
VALUES ((SELECT ID_CRITERIU FROM CRITERIU WHERE DESCRIERE = 'Conectivitate'), seq_recenzie.CURRVAL, 9, 'Wi-Fi 6 și Bluetooth 5.0 pentru conectivitate rapidă și stabilă');
INSERT INTO PUNCTEAZA (ID_CRITERIU, ID_RECENZIE, NOTA, ARGUMENTE)
VALUES ((SELECT ID_CRITERIU FROM CRITERIU WHERE DESCRIERE = 'Portabilitate'), seq_recenzie.CURRVAL, 9.5, 'Foarte subțire și ușor, ideal pentru mobilitate');
INSERT INTO PUNCTEAZA (ID_CRITERIU, ID_RECENZIE, NOTA, ARGUMENTE)
VALUES ((SELECT ID_CRITERIU FROM CRITERIU WHERE DESCRIERE = 'Sistem de răcire'), seq_recenzie.CURRVAL, 8.5, 'Sistem de răcire eficient, menține temperaturile scăzute în mod silențios');

INSERT INTO RECENZIE (ID_RECENZIE, ID_DISPOZITIV, NOTA)
VALUES (seq_recenzie.NEXTVAL, (SELECT ID_DISPOZITIV FROM DISPOZITIV WHERE NUME = 'Yoga C940'), 8.9);
INSERT INTO PUNCTEAZA (ID_CRITERIU, ID_RECENZIE, NOTA, ARGUMENTE)
VALUES ((SELECT ID_CRITERIU FROM CRITERIU WHERE DESCRIERE = 'Design si build quality'), seq_recenzie.CURRVAL, 9, 'Design elegant și construcție solidă din aluminiu');
INSERT INTO PUNCTEAZA (ID_CRITERIU, ID_RECENZIE, NOTA, ARGUMENTE)
VALUES ((SELECT ID_CRITERIU FROM CRITERIU WHERE DESCRIERE = 'Performanta CPU'), seq_recenzie.CURRVAL, 8.5, 'Procesor Intel i7-1065G7 oferă performanțe bune pentru majoritatea sarcinilor');
INSERT INTO PUNCTEAZA (ID_CRITERIU, ID_RECENZIE, NOTA, ARGUMENTE)
VALUES ((SELECT ID_CRITERIU FROM CRITERIU WHERE DESCRIERE = 'Performanta GPU'), seq_recenzie.CURRVAL, 8, 'Grafică integrată Intel Iris Plus, adecvată pentru sarcini de bază și unele jocuri ușoare');
INSERT INTO PUNCTEAZA (ID_CRITERIU, ID_RECENZIE, NOTA, ARGUMENTE)
VALUES ((SELECT ID_CRITERIU FROM CRITERIU WHERE DESCRIERE = 'Baterie'), seq_recenzie.CURRVAL, 9, 'Autonomie foarte bună, în jur de 10-12 ore de utilizare normală');
INSERT INTO PUNCTEAZA (ID_CRITERIU, ID_RECENZIE, NOTA, ARGUMENTE)
VALUES ((SELECT ID_CRITERIU FROM CRITERIU WHERE DESCRIERE = 'Ecran'), seq_recenzie.CURRVAL, 9.5, 'Ecran IPS de 14" cu rezoluție ridicată și culori excelente');
INSERT INTO PUNCTEAZA (ID_CRITERIU, ID_RECENZIE, NOTA, ARGUMENTE)
VALUES ((SELECT ID_CRITERIU FROM CRITERIU WHERE DESCRIERE = 'Conectivitate'), seq_recenzie.CURRVAL, 9, 'Wi-Fi 6 și Bluetooth 5.0 pentru conectivitate rapidă');
INSERT INTO PUNCTEAZA (ID_CRITERIU, ID_RECENZIE, NOTA, ARGUMENTE)
VALUES ((SELECT ID_CRITERIU FROM CRITERIU WHERE DESCRIERE = 'Portabilitate'), seq_recenzie.CURRVAL, 9, 'Ușor și subțire, foarte portabil pentru un laptop de 14"');
INSERT INTO PUNCTEAZA (ID_CRITERIU, ID_RECENZIE, NOTA, ARGUMENTE)
VALUES ((SELECT ID_CRITERIU FROM CRITERIU WHERE DESCRIERE = 'Sistem de răcire'), seq_recenzie.CURRVAL, 8.5, 'Sistem de răcire eficient, menține temperaturile sub control în majoritatea scenariilor');

INSERT INTO RECENZIE (ID_RECENZIE, ID_DISPOZITIV, NOTA)
VALUES (seq_recenzie.NEXTVAL, (SELECT ID_DISPOZITIV FROM DISPOZITIV WHERE NUME = 'iPhone 12 Pro'), 9.1);
INSERT INTO PUNCTEAZA (ID_CRITERIU, ID_RECENZIE, NOTA, ARGUMENTE)
VALUES ((SELECT ID_CRITERIU FROM CRITERIU WHERE DESCRIERE = 'Design si build quality'), seq_recenzie.CURRVAL, 9.5, 'Design premium cu margini din oțel inoxidabil și sticlă Ceramic Shield');
INSERT INTO PUNCTEAZA (ID_CRITERIU, ID_RECENZIE, NOTA, ARGUMENTE)
VALUES ((SELECT ID_CRITERIU FROM CRITERIU WHERE DESCRIERE = 'Performanta CPU'), seq_recenzie.CURRVAL, 9.5, 'Procesor A14 Bionic extrem de rapid și eficient');
INSERT INTO PUNCTEAZA (ID_CRITERIU, ID_RECENZIE, NOTA, ARGUMENTE)
VALUES ((SELECT ID_CRITERIU FROM CRITERIU WHERE DESCRIERE = 'Performanta GPU'), seq_recenzie.CURRVAL, 9, 'GPU puternic pentru jocuri și aplicații de editare');
INSERT INTO PUNCTEAZA (ID_CRITERIU, ID_RECENZIE, NOTA, ARGUMENTE)
VALUES ((SELECT ID_CRITERIU FROM CRITERIU WHERE DESCRIERE = 'Baterie'), seq_recenzie.CURRVAL, 8.5, 'Autonomie bună, dar nu excepțională, durează o zi întreagă');
INSERT INTO PUNCTEAZA (ID_CRITERIU, ID_RECENZIE, NOTA, ARGUMENTE)
VALUES ((SELECT ID_CRITERIU FROM CRITERIU WHERE DESCRIERE = 'Ecran'), seq_recenzie.CURRVAL, 9.5, 'Ecran Super Retina XDR OLED cu culori vibrante și contrast excelent');
INSERT INTO PUNCTEAZA (ID_CRITERIU, ID_RECENZIE, NOTA, ARGUMENTE)
VALUES ((SELECT ID_CRITERIU FROM CRITERIU WHERE DESCRIERE = 'Conectivitate'), seq_recenzie.CURRVAL, 9, 'Suport 5G, Wi-Fi 6, și tehnologie UWB pentru localizare precisă');
INSERT INTO PUNCTEAZA (ID_CRITERIU, ID_RECENZIE, NOTA, ARGUMENTE)
VALUES ((SELECT ID_CRITERIU FROM CRITERIU WHERE DESCRIERE = 'Camera foto'), seq_recenzie.CURRVAL, 9.5, 'Sistem de camere versatil cu performanțe excelente în condiții de lumină scăzută');
INSERT INTO PUNCTEAZA (ID_CRITERIU, ID_RECENZIE, NOTA, ARGUMENTE)
VALUES ((SELECT ID_CRITERIU FROM CRITERIU WHERE DESCRIERE = 'Software'), seq_recenzie.CURRVAL, 8.5, 'iOS 14 fluid și intuitiv, cu actualizări regulate și suport pe termen lung');

INSERT INTO RECENZIE (ID_RECENZIE, ID_DISPOZITIV, NOTA)
VALUES (seq_recenzie.NEXTVAL, (SELECT ID_DISPOZITIV FROM DISPOZITIV WHERE NUME = 'Galaxy S21 Ultra'), 9.3);
INSERT INTO PUNCTEAZA (ID_CRITERIU, ID_RECENZIE, NOTA, ARGUMENTE)
VALUES ((SELECT ID_CRITERIU FROM CRITERIU WHERE DESCRIERE = 'Design si build quality'), seq_recenzie.CURRVAL, 9, 'Design elegant cu finisaj mat și construcție robustă');
INSERT INTO PUNCTEAZA (ID_CRITERIU, ID_RECENZIE, NOTA, ARGUMENTE)
VALUES ((SELECT ID_CRITERIU FROM CRITERIU WHERE DESCRIERE = 'Performanta CPU'), seq_recenzie.CURRVAL, 9.5, 'Procesor Exynos 2100 extrem de puternic pentru orice sarcină');
INSERT INTO PUNCTEAZA (ID_CRITERIU, ID_RECENZIE, NOTA, ARGUMENTE)
VALUES ((SELECT ID_CRITERIU FROM CRITERIU WHERE DESCRIERE = 'Performanta GPU'), seq_recenzie.CURRVAL, 9.5, 'GPU Mali-G78 MP14 oferă performanțe excelente în jocuri și aplicații');
INSERT INTO PUNCTEAZA (ID_CRITERIU, ID_RECENZIE, NOTA, ARGUMENTE)
VALUES ((SELECT ID_CRITERIU FROM CRITERIU WHERE DESCRIERE = 'Baterie'), seq_recenzie.CURRVAL, 9.5, 'Baterie de 5000mAh cu autonomie excelentă și încărcare rapidă');
INSERT INTO PUNCTEAZA (ID_CRITERIU, ID_RECENZIE, NOTA, ARGUMENTE)
VALUES ((SELECT ID_CRITERIU FROM CRITERIU WHERE DESCRIERE = 'Ecran'), seq_recenzie.CURRVAL, 9.5, 'Ecran Dynamic AMOLED 2X cu rată de reîmprospătare adaptivă de până la 120Hz');
INSERT INTO PUNCTEAZA (ID_CRITERIU, ID_RECENZIE, NOTA, ARGUMENTE)
VALUES ((SELECT ID_CRITERIU FROM CRITERIU WHERE DESCRIERE = 'Conectivitate'), seq_recenzie.CURRVAL, 9.5, 'Suport 5G, Wi-Fi 6E, și Bluetooth 5.2 pentru conectivitate de ultimă generație');
INSERT INTO PUNCTEAZA (ID_CRITERIU, ID_RECENZIE, NOTA, ARGUMENTE)
VALUES ((SELECT ID_CRITERIU FROM CRITERIU WHERE DESCRIERE = 'Camera foto'), seq_recenzie.CURRVAL, 9.5, 'Sistem de camere versatil cu senzor principal de 108MP și zoom optic 10x');
INSERT INTO PUNCTEAZA (ID_CRITERIU, ID_RECENZIE, NOTA, ARGUMENTE)
VALUES ((SELECT ID_CRITERIU FROM CRITERIU WHERE DESCRIERE = 'Software'), seq_recenzie.CURRVAL, 9, 'One UI 3.1 bazat pe Android 11, cu multe funcții utile și personalizări');

INSERT INTO RECENZIE (ID_RECENZIE, ID_DISPOZITIV, NOTA)
VALUES (seq_recenzie.NEXTVAL, (SELECT ID_DISPOZITIV FROM DISPOZITIV WHERE NUME = 'iMac 27"'), 9.0);
INSERT INTO PUNCTEAZA (ID_CRITERIU, ID_RECENZIE, NOTA, ARGUMENTE)
VALUES ((SELECT ID_CRITERIU FROM CRITERIU WHERE DESCRIERE = 'Design si build quality'), seq_recenzie.CURRVAL, 9.5, 'Design iconic, materiale premium, construcție solidă');
INSERT INTO PUNCTEAZA (ID_CRITERIU, ID_RECENZIE, NOTA, ARGUMENTE)
VALUES ((SELECT ID_CRITERIU FROM CRITERIU WHERE DESCRIERE = 'Performanta CPU'), seq_recenzie.CURRVAL, 8.5, 'Procesor Intel i5 puternic, bun pentru majoritatea sarcinilor');
INSERT INTO PUNCTEAZA (ID_CRITERIU, ID_RECENZIE, NOTA, ARGUMENTE)
VALUES ((SELECT ID_CRITERIU FROM CRITERIU WHERE DESCRIERE = 'Performanta GPU'), seq_recenzie.CURRVAL, 8.0, 'AMD Radeon Pro 5300 bună pentru sarcini grafice moderate');
INSERT INTO PUNCTEAZA (ID_CRITERIU, ID_RECENZIE, NOTA, ARGUMENTE)
VALUES ((SELECT ID_CRITERIU FROM CRITERIU WHERE DESCRIERE = 'Ecran'), seq_recenzie.CURRVAL, 9.5, 'Ecran Retina 5K impresionant, culori vibrante și detalii clare');
INSERT INTO PUNCTEAZA (ID_CRITERIU, ID_RECENZIE, NOTA, ARGUMENTE)
VALUES ((SELECT ID_CRITERIU FROM CRITERIU WHERE DESCRIERE = 'Conectivitate'), seq_recenzie.CURRVAL, 9.0, 'Wi-Fi 6, Bluetooth 5.0, porturi Thunderbolt 3');
INSERT INTO PUNCTEAZA (ID_CRITERIU, ID_RECENZIE, NOTA, ARGUMENTE)
VALUES ((SELECT ID_CRITERIU FROM CRITERIU WHERE DESCRIERE = 'Sistem de răcire'), seq_recenzie.CURRVAL, 9.0, 'Sistem de răcire eficient și silențios');

INSERT INTO RECENZIE (ID_RECENZIE, ID_DISPOZITIV, NOTA)
VALUES (seq_recenzie.NEXTVAL, (SELECT ID_DISPOZITIV FROM DISPOZITIV WHERE NUME = 'Inspiron 27 7000'), 8.5);
INSERT INTO PUNCTEAZA (ID_CRITERIU, ID_RECENZIE, NOTA, ARGUMENTE)
VALUES ((SELECT ID_CRITERIU FROM CRITERIU WHERE DESCRIERE = 'Design si build quality'), seq_recenzie.CURRVAL, 8.5, 'Design modern și subțire, construcție de calitate bună');
INSERT INTO PUNCTEAZA (ID_CRITERIU, ID_RECENZIE, NOTA, ARGUMENTE)
VALUES ((SELECT ID_CRITERIU FROM CRITERIU WHERE DESCRIERE = 'Performanta CPU'), seq_recenzie.CURRVAL, 9.0, 'Procesor Intel i7-1165G7 de ultimă generație, performanță excelentă');
INSERT INTO PUNCTEAZA (ID_CRITERIU, ID_RECENZIE, NOTA, ARGUMENTE)
VALUES ((SELECT ID_CRITERIU FROM CRITERIU WHERE DESCRIERE = 'Performanta GPU'), seq_recenzie.CURRVAL, 7.5, 'NVIDIA MX330 - decent pentru sarcini grafice ușoare');
INSERT INTO PUNCTEAZA (ID_CRITERIU, ID_RECENZIE, NOTA, ARGUMENTE)
VALUES ((SELECT ID_CRITERIU FROM CRITERIU WHERE DESCRIERE = 'Ecran'), seq_recenzie.CURRVAL, 8.5, 'Ecran Full HD de 27 inch cu culori bune și unghiuri de vizualizare largi');
INSERT INTO PUNCTEAZA (ID_CRITERIU, ID_RECENZIE, NOTA, ARGUMENTE)
VALUES ((SELECT ID_CRITERIU FROM CRITERIU WHERE DESCRIERE = 'Conectivitate'), seq_recenzie.CURRVAL, 9.0, 'Wi-Fi 6, Bluetooth 5.1, multe porturi USB și HDMI');
INSERT INTO PUNCTEAZA (ID_CRITERIU, ID_RECENZIE, NOTA, ARGUMENTE)
VALUES ((SELECT ID_CRITERIU FROM CRITERIU WHERE DESCRIERE = 'Sistem de răcire'), seq_recenzie.CURRVAL, 8.5, 'Sistem de răcire eficient, poate deveni ușor audibil sub sarcină');

INSERT INTO RECENZIE (ID_RECENZIE, ID_DISPOZITIV, NOTA)
VALUES (seq_recenzie.NEXTVAL, (SELECT ID_DISPOZITIV FROM DISPOZITIV WHERE NUME = 'ROG Strix GA15'), 9.0);
INSERT INTO PUNCTEAZA (ID_CRITERIU, ID_RECENZIE, NOTA, ARGUMENTE)
VALUES ((SELECT ID_CRITERIU FROM CRITERIU WHERE DESCRIERE = 'Design si build quality'), seq_recenzie.CURRVAL, 9.0, 'Design agresiv specific gamingului, construcție solidă, iluminare RGB');
INSERT INTO PUNCTEAZA (ID_CRITERIU, ID_RECENZIE, NOTA, ARGUMENTE)
VALUES ((SELECT ID_CRITERIU FROM CRITERIU WHERE DESCRIERE = 'Performanta CPU'), seq_recenzie.CURRVAL, 9.5, 'AMD Ryzen 7 3700X oferă performanță excelentă în jocuri și multitasking');
INSERT INTO PUNCTEAZA (ID_CRITERIU, ID_RECENZIE, NOTA, ARGUMENTE)
VALUES ((SELECT ID_CRITERIU FROM CRITERIU WHERE DESCRIERE = 'Performanta GPU'), seq_recenzie.CURRVAL, 9.0, 'NVIDIA RTX 2060 oferă performanță bună în jocuri moderne la setări înalte');
INSERT INTO PUNCTEAZA (ID_CRITERIU, ID_RECENZIE, NOTA, ARGUMENTE)
VALUES ((SELECT ID_CRITERIU FROM CRITERIU WHERE DESCRIERE = 'Conectivitate'), seq_recenzie.CURRVAL, 9.0, 'Wi-Fi 6, Bluetooth 5.0, multiple porturi USB, HDMI și DisplayPort');
INSERT INTO PUNCTEAZA (ID_CRITERIU, ID_RECENZIE, NOTA, ARGUMENTE)
VALUES ((SELECT ID_CRITERIU FROM CRITERIU WHERE DESCRIERE = 'Sistem de răcire'), seq_recenzie.CURRVAL, 8.5, 'Sistem de răcire eficient, dar poate deveni zgomotos în timpul sesiunilor intense de gaming');

INSERT INTO RECENZIE (ID_RECENZIE, ID_DISPOZITIV, NOTA)
VALUES (seq_recenzie.NEXTVAL, (SELECT ID_DISPOZITIV FROM DISPOZITIV WHERE NUME = 'Inspiron Desktop'), 8.2);
INSERT INTO PUNCTEAZA (ID_CRITERIU, ID_RECENZIE, NOTA, ARGUMENTE)
VALUES ((SELECT ID_CRITERIU FROM CRITERIU WHERE DESCRIERE = 'Design si build quality'), seq_recenzie.CURRVAL, 8.0, 'Design simplu și elegant, construcție solidă pentru uz general');
INSERT INTO PUNCTEAZA (ID_CRITERIU, ID_RECENZIE, NOTA, ARGUMENTE)
VALUES ((SELECT ID_CRITERIU FROM CRITERIU WHERE DESCRIERE = 'Performanta CPU'), seq_recenzie.CURRVAL, 8.5, 'Intel i5-10400 oferă performanță bună pentru majoritatea sarcinilor zilnice și multitasking');
INSERT INTO PUNCTEAZA (ID_CRITERIU, ID_RECENZIE, NOTA, ARGUMENTE)
VALUES ((SELECT ID_CRITERIU FROM CRITERIU WHERE DESCRIERE = 'Performanta GPU'), seq_recenzie.CURRVAL, 7.0, 'Intel integrată - suficientă pentru sarcini simple, dar limitată pentru gaming sau editare video');
INSERT INTO PUNCTEAZA (ID_CRITERIU, ID_RECENZIE, NOTA, ARGUMENTE)
VALUES ((SELECT ID_CRITERIU FROM CRITERIU WHERE DESCRIERE = 'Conectivitate'), seq_recenzie.CURRVAL, 8.5, 'Wi-Fi 5, Bluetooth 4.2, porturi USB suficiente, HDMI');
INSERT INTO PUNCTEAZA (ID_CRITERIU, ID_RECENZIE, NOTA, ARGUMENTE)
VALUES ((SELECT ID_CRITERIU FROM CRITERIU WHERE DESCRIERE = 'Sistem de răcire'), seq_recenzie.CURRVAL, 9.0, 'Sistem de răcire eficient și silențios, potrivit pentru un mediu de birou');

